"Marca temporal","Nombres y apellidos","Correo electrónico","¿Que tipo de usuario eres?","  ¿Le gustaría tener una plataforma para registrar asistencia de manera digital?   ","  ¿Cree que sería más fácil registrar retardos e inasistencias en una aplicación que en papel?  ","  ¿Le facilitaría contar con un sistema que genere reportes automáticos de asistencia cada mes?  ","  ¿Considera útil que la plataforma le permita crear cursos y asignar materias de forma rápida?  ","  ¿Le ayudaría tener la opción de gestionar los horarios desde la plataforma?   ","  ¿Le interesaría que la plataforma se pueda usar desde cualquier navegador web sin necesidad de instalar programas?  ","  ¿Le facilitaría que la interfaz sea sencilla e intuitiva, sin necesidad de capacitación avanzada?  ","  ¿Cree que la plataforma aportaría mayor organización y control frente al manejo manual de la asistencia?   ","  ¿Le gustaría que el sistema envíe notificaciones masivas de manera automática en caso de necesidad?  ","  Considera que una plataforma con acceso seguro (HTTPS y contraseñas encriptadas) le daría confianza para usarla?  ","  ¿Le gustaría recibir una notificación inmediata al correo si su hijo falta a clase o llega tarde?   ","  ¿Cree que sería útil tener acceso a un reporte mensual de asistencia de su hijo(a)?  ","  ¿Le facilitaría poder consultar la asistencia de su hijo(a) desde cualquier dispositivo con internet?   ","  ¿Considera importante recibir la información de asistencia en un formato claro y sencillo?  ","  ¿Le sería útil recibir notificaciones no solo de la asistencia, sino también de los retardos acumulados de su hijo(a)?  ","  ¿Le interesaría que la plataforma se pueda usar desde cualquier navegador web sin necesidad de instalar programas?  ","  ¿Le gustaría que el sistema envíe notificaciones masivas de manera automática en caso de necesidad?  ","  ¿Le facilitaría que la interfaz sea sencilla e intuitiva, sin necesidad de capacitación avanzada?  ","  ¿Cree que la plataforma aportaría mayor organización y control frente al manejo manual de la asistencia?   ","  Considera que una plataforma con acceso seguro (HTTPS y contraseñas encriptadas) le daría confianza para usarla?  "
"2025/09/18 10:47:30 a.m. GMT-5","Esteban Santiago ","estebansantiago395@gmail.com","Padre o acudiente","","","","","","","","","","","Si","Si","Si","Si","Si","Si","Si","Si","Si","Si"
"2025/09/18 10:53:48 a.m. GMT-5","Laura Martínez leon","lauraalejandramartinezleon@gmail.com","Docente","Si","Si","Si","Si","Si","Si","Si","Si","Si","Si","","","","","","","","","",""
"2025/09/18 10:59:02 a.m. GMT-5","Luisa Fernanda aguja López ","luisaagujaaa@gmail.com","Padre o acudiente","","","","","","","","","","","Si","Si","Si","Si","Si","Si","Si","Si","Si","Si"
"2025/09/18 1:25:31 p.m. GMT-5","Nelly Sofía Rodríguez Quintana ","sr4988230@gmail.com","Docente","Si","Si","Si","Si","Si","Si","Si","Si","Si","Si","","","","","","","","","",""
"2025/09/18 1:32:01 p.m. GMT-5","Juan david","Juan1428@gmail.com","Docente","Si","Si","Si","Si","Si","Si","Si","Si","Si","Si","","","","","","","","","",""
"2025/09/18 2:00:15 p.m. GMT-5","David Riaño","David13diaz07@gmail.com","Padre o acudiente","","","","","","","","","","","Si","Si","Si","Si","Si","Si","Si","Si","Si","Si"
"2025/09/18 2:22:31 p.m. GMT-5","Brayan Stiven Ardila Castillo","stivencastillo016@gmail.com","Docente","Si","Si","Si","Si","Si","Si","Si","Si","Si","Si","","","","","","","","","",""
"2025/09/19 4:08:54 p.m. GMT-5","Paula Andrea cotrino Duarte ","cotrinoduartepaulaandrea@gmail.com","Docente","Si","Si","Si","Si","Si","Si","Si","Si","Si","Si","","","","","","","","","",""
"2025/09/20 6:58:18 a.m. GMT-5","Juan casilimas ","sebastiansena982@gmail.com","Padre o acudiente","","","","","","","","","","","Si","Si","Si","Si","Si","Si","Si","Si","Si","Si"
"2025/09/20 1:03:16 p.m. GMT-5","Erick Correal","ercova03@gmail.com","Docente","Si","Si","Si","Si","Si","Si","Si","Si","Si","Si","","","","","","","","","",""
"2025/09/20 1:09:01 p.m. GMT-5","Juan","juancamilorosascortes@gmail.com","Padre o acudiente","","","","","","","","","","","Si","Si","Si","Si","Si","Si","Si","Si","Si","Si"
"2025/09/20 10:16:38 p.m. GMT-5","Daniel alejandro peralta","daniel.peralta0705@gmail.com","Padre o acudiente","","","","","","","","","","","Si","Si","Si","Si","Si","Si","Si","Si","Si","Si"
"2025/09/22 10:45:53 a.m. GMT-5","Ana Silva","galindosofia741@gmail.com","Docente","Si","Si","Si","Si","Si","Si","Si","Si","Si","Si","","","","","","","","","",""
"2025/09/22 11:16:02 a.m. GMT-5","Samuel esteban cortes gonzalez ","cortesgonzalezsamuel92@gmail.com ","Padre o acudiente","","","","","","","","","","","Si","Si","Si","Si","Si","Si","Si","Si","Si","Si"
"2025/09/22 8:09:42 p.m. GMT-5","Jeik andres rodero fajardo","Roderofajardojeikandres@gmail.com","Docente","Si","Si","Si","Si","Si","Si","Si","Si","Si","Si","","","","","","","","","",""
"2025/09/22 11:00:07 p.m. GMT-5","Sebastian valbuena","johann.valbuena@cun.edu.co","Padre o acudiente","","","","","","","","","","","Si","Si","Si","Si","Si","Si","Si","Si","Si","Si"
"2025/09/24 10:18:49 a.m. GMT-5","Ronald Felipe Martínez Morales","Ronaldf0521@gmail.com","Docente","Si","Si","Si","Si","Si","Si","Si","Si","Si","Si","","","","","","","","","",""
"2025/09/24 10:24:15 a.m. GMT-5","Ángel David Daza Niño ","angeldaza030615@gmail.com","Docente","Si","Si","Si","Si","Si","No","Si","Si","Si","Si","","","","","","","","","",""
"2025/09/24 10:35:01 a.m. GMT-5","Laura Sofía Huérfano  Cáceres ","Laurahuerfano.0604@gmail.com","Docente","Si","Si","Si","Si","Si","Si","Si","Si","No","Si","","","","","","","","","",""
"2025/09/24 11:58:04 a.m. GMT-5","Juan pardo castro ","esneider.101199@hotmail.com","Docente","Si","Si","Si","No","No","Si","No","Si","Si","No","","","","","","","","","",""
"2025/09/24 8:44:47 p.m. GMT-5","johann","triana ","Padre o acudiente","","","","","","","","","","","No","Si","No","No","Si","No","No","No","No","Si"